event_name,weight_val
add_label,0.08457307127103934
closed_pr,0.09097211737581061
force_push_code,0.06164183302942641
merged_pr,0.10916904331025146
push_code,0.06711333529878356
remove_label,0.10407049166811745
set_assignee,0.08408344828414833
set_tester,0.10817901280289872
setting_priority,0.11071755757011989
update_description,0.08063604126175863
update_title,0.09884404812764569
