event_name,weight_val
create,0.25117467212199257
assign_collaborator,0.2169048395227213
setting_assignee,0.26446039385767073
change_issue_state,0.2674600944976154
